<?xml version="1.0" encoding="UTF-8"?>
<project-private xmlns="http://www.netbeans.org/ns/project-private/1">
    <editor-bookmarks xmlns="http://www.netbeans.org/ns/editor-bookmarks/2" lastBookmarkId="0"/>
    <open-files xmlns="http://www.netbeans.org/ns/projectui-open-files/2">
        <group>
            <file>file:/C:/Users/Admin/Documents/NetBeansProjects/SQACaseStudy/src/sqacasestudy/ForWrngAdminLogin.java</file>
            <file>file:/C:/Users/Admin/Documents/NetBeansProjects/SQACaseStudy/src/sqacasestudy/ForLogoun.java</file>
            <file>file:/C:/Users/Admin/Documents/NetBeansProjects/SQACaseStudy/src/sqacasestudy/ForUpdateEmployee.java</file>
            <file>file:/C:/Users/Admin/Documents/NetBeansProjects/SQACaseStudy/src/sqacasestudy/ForDeleteEmployee.java</file>
            <file>file:/C:/Users/Admin/Documents/NetBeansProjects/SQACaseStudy/src/sqacasestudy/GenerateSalarySlip.java</file>
            <file>file:/C:/Users/Admin/Documents/NetBeansProjects/SQACaseStudy/src/sqacasestudy/ForEmployeevalueValidation.java</file>
            <file>file:/C:/Users/Admin/Documents/NetBeansProjects/SQACaseStudy/src/sqacasestudy/SesssionChecking.java</file>
            <file>file:/C:/Users/Admin/Documents/NetBeansProjects/SQACaseStudy/src/sqacasestudy/SQACaseStudy.java</file>
        </group>
    </open-files>
</project-private>
